Pnt,Average, Average (uV),Buffer1,Buffer1 (uV),Buffer2,Buffer2 (uV)
-11.35,286181,2.132,116111,1.730,170070,2.534
-11.30,300468,2.239,134116,1.999,166352,2.479
-11.25,298144,2.221,136332,2.032,161812,2.411
-11.20,283814,2.115,137830,2.054,145984,2.175
-11.15,297429,2.216,150677,2.245,146752,2.187
-11.10,328164,2.445,167783,2.500,160381,2.390
-11.05,340113,2.534,172174,2.566,167939,2.503
-11.00,331474,2.470,177076,2.639,154398,2.301
-10.95,335666,2.501,185161,2.759,150505,2.243
-10.90,330295,2.461,185098,2.758,145197,2.164
-10.85,307295,2.290,171342,2.553,135953,2.026
-10.80,317535,2.366,174433,2.599,143102,2.132
-10.75,336947,2.511,188380,2.807,148567,2.214
-10.70,318838,2.376,172861,2.576,145977,2.175
-10.65,291524,2.172,155287,2.314,136237,2.030
-10.60,295850,2.204,168915,2.517,126935,1.892
-10.55,291904,2.175,172177,2.566,119727,1.784
-10.50,295566,2.202,186400,2.778,109166,1.627
-10.45,326350,2.432,207975,3.099,118375,1.764
-10.40,335543,2.500,213150,3.176,122393,1.824
-10.35,331429,2.469,197614,2.945,133815,1.994
-10.30,338749,2.524,214027,3.189,124722,1.859
-10.25,341514,2.545,225156,3.355,116358,1.734
-10.20,348085,2.594,242293,3.611,105792,1.576
-10.15,329487,2.455,248499,3.703,80988,1.207
-10.10,344795,2.569,250559,3.734,94236,1.404
-10.05,348873,2.599,266476,3.971,82397,1.228
-10.00,332473,2.477,257447,3.836,75026,1.118
-9.95,323773,2.412,245598,3.660,78175,1.165
-9.90,291852,2.175,245435,3.657,46417,692
-9.85,290079,2.161,257340,3.835,32739,488
-9.80,299309,2.230,265747,3.960,33562,500
-9.75,302902,2.257,256717,3.825,46185,688
-9.70,309260,2.304,253756,3.781,55504,827
-9.65,325238,2.423,254400,3.791,70838,1.056
-9.60,335660,2.501,244058,3.637,91602,1.365
-9.55,293881,2.190,210340,3.134,83541,1.245
-9.50,284254,2.118,192036,2.862,92218,1.374
-9.45,272870,2.033,176137,2.625,96733,1.441
-9.40,283389,2.111,177148,2.640,106241,1.583
-9.35,283766,2.114,182709,2.723,101057,1.506
-9.30,260044,1.938,169784,2.530,90260,1.345
-9.25,263645,1.964,181162,2.700,82483,1.229
-9.20,273506,2.038,202347,3.015,71159,1.060
-9.15,266571,1.986,196230,2.924,70341,1.048
-9.10,255488,1.904,189561,2.825,65927,982
-9.05,253567,1.889,194670,2.901,58897,878
-9.00,259397,1.933,192193,2.864,67204,1.001
-8.95,253892,1.892,189294,2.821,64598,963
-8.90,249458,1.859,184358,2.747,65100,970
-8.85,241569,1.800,175684,2.618,65885,982
-8.80,234934,1.750,166420,2.480,68514,1.021
-8.75,248573,1.852,162682,2.424,85891,1.280
-8.70,254585,1.897,155987,2.324,98598,1.469
-8.65,247902,1.847,139035,2.072,108867,1.622
-8.60,242725,1.808,134030,1.997,108695,1.620
-8.55,230570,1.718,121856,1.816,108714,1.620
-8.50,209756,1.563,99008,1.475,110748,1.650
-8.45,201636,1.502,87280,1.301,114356,1.704
-8.40,222335,1.657,89254,1.330,133081,1.983
-8.35,225136,1.677,84601,1.261,140535,2.094
-8.30,221215,1.648,77391,1.153,143824,2.143
-8.25,217899,1.624,71077,1.059,146822,2.188
-8.20,201264,1.500,51799,772,149465,2.227
-8.15,188647,1.406,41446,618,147201,2.194
-8.10,193185,1.439,32280,481,160905,2.398
-8.05,173363,1.292,20557,306,152806,2.277
-8.00,183095,1.364,37144,554,145951,2.175
-7.95,204096,1.521,60571,903,143525,2.139
-7.90,189870,1.415,59382,885,130488,1.944
-7.85,162838,1.213,42658,636,120180,1.791
-7.80,150818,1.124,25611,382,125207,1.866
-7.75,155755,1.161,14136,211,141619,2.110
-7.70,160764,1.198,9282,138,151482,2.257
-7.65,185235,1.380,25090,374,160145,2.386
-7.60,161064,1.200,9807,146,151257,2.254
-7.55,153537,1.144,-955,-14,154492,2.302
-7.50,191710,1.428,19986,298,171724,2.559
-7.45,171309,1.276,2604,39,168705,2.514
-7.40,153664,1.145,-19073,-284,172737,2.574
-7.35,139686,1.041,-33942,-506,173628,2.587
-7.30,139039,1.036,-41737,-622,180776,2.694
-7.25,158098,1.178,-31592,-471,189690,2.827
-7.20,145381,1.083,-47535,-708,192916,2.875
-7.15,161578,1.204,-43686,-651,205264,3.059
-7.10,166650,1.242,-51724,-771,218374,3.254
-7.05,160679,1.197,-56574,-843,217253,3.237
-7.00,156192,1.164,-59565,-888,215757,3.215
-6.95,135668,1.011,-57785,-861,193453,2.883
-6.90,139676,1.041,-60578,-903,200254,2.984
-6.85,122949,916,-58778,-876,181727,2.708
-6.80,118637,884,-40971,-611,159608,2.378
-6.75,125241,933,-36263,-540,161504,2.407
-6.70,101169,754,-40668,-606,141837,2.114
-6.65,87505,652,-38076,-567,125581,1.871
-6.60,99121,739,-24239,-361,123360,1.838
-6.55,111385,830,-24472,-365,135857,2.024
-6.50,118016,879,-24964,-372,142980,2.131
-6.45,106987,797,-27984,-417,134971,2.011
-6.40,101746,758,-35356,-527,137102,2.043
-6.35,89293,665,-46888,-699,136181,2.029
-6.30,91477,682,-45645,-680,137122,2.043
-6.25,82327,613,-49909,-744,132236,1.971
-6.20,94479,704,-41334,-616,135813,2.024
-6.15,111492,831,-36634,-546,148126,2.207
-6.10,115295,859,-23084,-344,138379,2.062
-6.05,111536,831,-25864,-385,137400,2.047
-6.00,101684,758,-23313,-347,124997,1.863
-5.95,92492,689,-9606,-143,102098,1.521
-5.90,102736,765,14104,210,88632,1.321
-5.85,81488,607,9243,138,72245,1.077
-5.80,47129,351,1175,18,45954,685
-5.75,69394,517,16272,242,53122,792
-5.70,89604,668,32358,482,57246,853
-5.65,115305,859,46691,696,68614,1.022
-5.60,109656,817,67863,1.011,41793,623
-5.55,101434,756,92583,1.380,8851,132
-5.50,99366,740,94323,1.406,5043,75
-5.45,104349,777,87807,1.308,16542,247
-5.40,104193,776,86713,1.292,17480,260
-5.35,95328,710,86618,1.291,8710,130
-5.30,78430,584,65291,973,13139,196
-5.25,52856,394,52186,778,670,10
-5.20,63316,472,70211,1.046,-6895,-103
-5.15,74178,553,87950,1.311,-13772,-205
-5.10,88561,660,104203,1.553,-15642,-233
-5.05,97062,723,102114,1.522,-5052,-75
-5.00,93327,695,99529,1.483,-6202,-92
-4.95,104035,775,100425,1.496,3610,54
-4.90,114349,852,113393,1.690,956,14
-4.85,106817,796,113451,1.691,-6634,-99
-4.80,98516,734,108097,1.611,-9581,-143
-4.75,94739,706,120836,1.801,-26097,-389
-4.70,79943,596,124182,1.851,-44239,-659
-4.65,70270,524,122154,1.820,-51884,-773
-4.60,67561,503,123379,1.839,-55818,-832
-4.55,77941,581,131482,1.959,-53541,-798
-4.50,60383,450,131384,1.958,-71001,-1.058
-4.45,59575,444,146799,2.188,-87224,-1.300
-4.40,60039,447,160861,2.397,-100822,-1.502
-4.35,56279,419,164637,2.453,-108358,-1.615
-4.30,35111,262,158247,2.358,-123136,-1.835
-4.25,47252,352,172430,2.569,-125178,-1.865
-4.20,68678,512,174371,2.598,-105693,-1.575
-4.15,64942,484,165038,2.459,-100096,-1.492
-4.10,60935,454,148409,2.212,-87474,-1.304
-4.05,44343,330,119542,1.781,-75199,-1.121
-4.00,43198,322,112912,1.683,-69714,-1.039
-3.95,40401,301,107774,1.606,-67373,-1.004
-3.90,38793,289,89239,1.330,-50446,-752
-3.85,47874,357,81686,1.217,-33812,-504
-3.80,22241,166,63428,945,-41187,-614
-3.75,-5085,-38,48259,719,-53344,-795
-3.70,29299,218,62071,925,-32772,-488
-3.65,29317,218,69154,1.031,-39837,-594
-3.60,25294,188,69869,1.041,-44575,-664
-3.55,29641,221,74819,1.115,-45178,-673
-3.50,14551,108,75816,1.130,-61265,-913
-3.45,13784,103,72466,1.080,-58682,-874
-3.40,43121,321,90242,1.345,-47121,-702
-3.35,48962,365,81302,1.212,-32340,-482
-3.30,43046,321,61018,909,-17972,-268
-3.25,54680,407,68274,1.017,-13594,-203
-3.20,48485,361,63206,942,-14721,-219
-3.15,54254,404,49102,732,5152,77
-3.10,62794,468,38834,579,23960,357
-3.05,52901,394,35330,526,17571,262
-3.00,35696,266,24848,370,10848,162
-2.95,40848,304,28847,430,12001,179
-2.90,42467,316,17781,265,24686,368
-2.85,41411,309,7421,111,33990,507
-2.80,43948,327,-2509,-37,46457,692
-2.75,36115,269,-29189,-435,65304,973
-2.70,44553,332,-40525,-604,85078,1.268
-2.65,38904,290,-31527,-470,70431,1.050
-2.60,14463,108,-35067,-523,49530,738
-2.55,1121,8,-50006,-745,51127,762
-2.50,10231,76,-40070,-597,50301,750
-2.45,57826,431,-14383,-214,72209,1.076
-2.40,55536,414,-27631,-412,83167,1.239
-2.35,35925,268,-25440,-379,61365,914
-2.30,45009,335,-19111,-285,64120,955
-2.25,33355,249,-38251,-570,71606,1.067
-2.20,10446,78,-54906,-818,65352,974
-2.15,22338,166,-46734,-696,69072,1.029
-2.10,49645,370,-34579,-515,84224,1.255
-2.05,55694,415,-36705,-547,92399,1.377
-2.00,47494,354,-55873,-833,103367,1.540
-1.95,27010,201,-65041,-969,92051,1.372
-1.90,33944,253,-59587,-888,93531,1.394
-1.85,36868,275,-54330,-810,91198,1.359
-1.80,18513,138,-71328,-1.063,89841,1.339
-1.75,46951,350,-70333,-1.048,117284,1.748
-1.70,45650,340,-77297,-1.152,122947,1.832
-1.65,46339,345,-86785,-1.293,133124,1.984
-1.60,32846,245,-91417,-1.362,124263,1.852
-1.55,42299,315,-88024,-1.312,130323,1.942
-1.50,42579,317,-110054,-1.640,152633,2.274
-1.45,36527,272,-109649,-1.634,146176,2.178
-1.40,57656,430,-86361,-1.287,144017,2.146
-1.35,84447,629,-62880,-937,147327,2.195
-1.30,66260,494,-61507,-917,127767,1.904
-1.25,26637,198,-79717,-1.188,106354,1.585
-1.20,30091,224,-63806,-951,93897,1.399
-1.15,22359,167,-59504,-887,81863,1.220
-1.10,4042,30,-71796,-1.070,75838,1.130
-1.05,15873,118,-59400,-885,75273,1.122
-1.00,29862,222,-42341,-631,72203,1.076
-0.95,25479,190,-48437,-722,73916,1.101
-0.90,31210,233,-56238,-838,87448,1.303
-0.85,21973,164,-56310,-839,78283,1.167
-0.80,4600,34,-69575,-1.037,74175,1.105
-0.75,-72440,-540,-112329,-1.674,39889,594
-0.70,-171150,-1.275,-156324,-2.329,-14826,-221
-0.65,-52377,-390,-98211,-1.464,45834,683
-0.60,94509,704,-17810,-265,112319,1.674
-0.55,98965,737,-792,-12,99757,1.487
-0.50,83842,625,-7383,-110,91225,1.359
-0.45,71068,530,-8895,-133,79963,1.192
-0.40,57488,428,-8895,-133,66383,989
-0.35,65915,491,8959,134,56956,849
-0.30,57699,430,22084,329,35615,531
-0.25,47800,356,22109,329,25691,383
-0.20,43916,327,20241,302,23675,353
-0.15,40359,301,41908,624,-1549,-23
-0.10,57169,426,55989,834,1180,18
-0.05,67477,503,63137,941,4340,65
0.00,56654,422,65602,978,-8948,-133
0.05,47046,351,67813,1.011,-20767,-309
0.10,55860,416,69976,1.043,-14116,-210
0.15,82304,613,81538,1.215,766,11
0.20,75616,563,82522,1.230,-6906,-103
0.25,87368,651,87991,1.311,-623,-9
0.30,82062,611,91995,1.371,-9933,-148
0.35,67042,500,82845,1.235,-15803,-235
0.40,27081,202,61846,922,-34765,-518
0.45,17238,128,67630,1.008,-50392,-751
0.50,74450,555,84238,1.255,-9788,-146
0.55,231924,1.728,158774,2.366,73150,1.090
0.60,366656,2.732,236972,3.531,129684,1.933
0.65,385381,2.871,256781,3.826,128600,1.916
0.70,295229,2.200,225395,3.359,69834,1.041
0.75,209492,1.561,187362,2.792,22130,330
0.80,134069,999,162520,2.422,-28451,-424
0.85,68853,513,139790,2.083,-70937,-1.057
0.90,44313,330,121608,1.812,-77295,-1.152
0.95,63645,474,153359,2.285,-89714,-1.337
1.00,80869,603,170068,2.534,-89199,-1.329
01.05,98724,736,178501,2.660,-79777,-1.189
1.10,107985,805,185239,2.760,-77254,-1.151
1.15,150894,1.124,217408,3.240,-66514,-991
1.20,225517,1.680,261353,3.895,-35836,-534
1.25,293924,2.190,284210,4.235,9714,145
1.30,349457,2.604,317896,4.737,31561,470
1.35,366004,2.727,332779,4.959,33225,495
1.40,357635,2.665,312162,4.652,45473,678
1.45,353108,2.631,302487,4.508,50621,754
1.50,308896,2.302,261707,3.900,47189,703
1.55,306346,2.283,244232,3.639,62114,926
1.60,305974,2.280,235103,3.503,70871,1.056
1.65,318144,2.370,228452,3.404,89692,1.337
1.70,327071,2.437,208847,3.112,118224,1.762
1.75,313960,2.339,200266,2.984,113694,1.694
1.80,314893,2.346,210047,3.130,104846,1.562
1.85,300736,2.241,206268,3.074,94468,1.408
1.90,264147,1.968,197210,2.939,66937,997
1.95,218135,1.625,169774,2.530,48361,721
2.00,178403,1.329,149836,2.233,28567,426
02.05,137817,1.027,142226,2.119,-4409,-66
2.10,113981,849,126079,1.879,-12098,-180
2.15,94079,701,114421,1.705,-20342,-303
2.20,82007,611,112921,1.683,-30914,-461
2.25,67626,504,101199,1.508,-33573,-500
2.30,32906,245,77164,1.150,-44258,-660
2.35,28837,215,58163,867,-29326,-437
2.40,40542,302,59337,884,-18795,-280
2.45,8130,61,45082,672,-36952,-551
2.50,-32833,-245,60,1,-32893,-490
2.55,-53013,-395,-11179,-167,-41834,-623
2.60,-79833,-595,-20583,-307,-59250,-883
2.65,-77641,-578,-32116,-479,-45525,-678
2.70,-100738,-751,-57689,-860,-43049,-641
2.75,-112911,-841,-71932,-1.072,-40979,-611
2.80,-120969,-901,-93634,-1.395,-27335,-407
2.85,-149851,-1.117,-106124,-1.581,-43727,-652
2.90,-183256,-1.365,-110811,-1.651,-72445,-1.080
2.95,-240986,-1.796,-149465,-2.227,-91521,-1.364
3.00,-287470,-2.142,-170630,-2.543,-116840,-1.741
03.05,-308491,-2.299,-173465,-2.585,-135026,-2.012
3.10,-324967,-2.421,-182600,-2.721,-142367,-2.121
3.15,-352739,-2.628,-203145,-3.027,-149594,-2.229
3.20,-361881,-2.696,-206597,-3.079,-155284,-2.314
3.25,-346282,-2.580,-209655,-3.124,-136627,-2.036
3.30,-341465,-2.544,-210934,-3.143,-130531,-1.945
3.35,-309031,-2.303,-203005,-3.025,-106026,-1.580
3.40,-252294,-1.880,-179063,-2.668,-73231,-1.091
3.45,-197739,-1.473,-159463,-2.376,-38276,-570
3.50,-155575,-1.159,-148485,-2.213,-7090,-106
3.55,-113266,-844,-119652,-1.783,6386,95
3.60,-50891,-379,-85372,-1.272,34481,514
3.65,17821,133,-69793,-1.040,87614,1.306
3.70,78293,583,-43620,-650,121913,1.817
3.75,119825,893,-28539,-425,148364,2.211
3.80,162647,1.212,-15493,-231,178140,2.655
3.85,237544,1.770,16975,253,220569,3.287
3.90,292832,2.182,36600,545,256232,3.818
3.95,313272,2.334,46026,686,267246,3.982
4.00,358408,2.670,69201,1.031,289207,4.310
04.05,377256,2.811,82298,1.226,294958,4.395
4.10,389825,2.905,81490,1.214,308335,4.595
4.15,409042,3.048,90798,1.353,318244,4.742
4.20,415962,3.099,97133,1.447,318829,4.751
4.25,426383,3.177,110023,1.640,316360,4.714
4.30,433274,3.228,135664,2.022,297610,4.435
4.35,406880,3.032,146595,2.185,260285,3.879
4.40,381727,2.844,150163,2.238,231564,3.451
4.45,356089,2.653,147601,2.199,208488,3.107
4.50,329660,2.456,134434,2.003,195226,2.909
4.55,292034,2.176,124468,1.855,167566,2.497
4.60,251088,1.871,103582,1.544,147506,2.198
4.65,218095,1.625,73426,1.094,144669,2.156
4.70,192842,1.437,47742,711,145100,2.162
4.75,188362,1.403,42555,634,145807,2.173
4.80,190163,1.417,42162,628,148001,2.205
4.85,202720,1.510,37876,564,164844,2.456
4.90,194194,1.447,33596,501,160598,2.393
4.95,178691,1.331,36590,545,142101,2.118
5.00,183153,1.365,46194,688,136959,2.041
05.05,168019,1.252,38825,579,129194,1.925
5.10,155951,1.162,47618,710,108333,1.614
5.15,154721,1.153,54115,806,100606,1.499
5.20,131875,983,46108,687,85767,1.278
5.25,119835,893,49253,734,70582,1.052
5.30,118103,880,42723,637,75380,1.123
5.35,77798,580,28980,432,48818,727
5.40,45738,341,36411,543,9327,139
5.45,49041,365,40158,598,8883,132
5.50,36412,271,42965,640,-6553,-98
5.55,-12017,-90,41731,622,-53748,-801
5.60,-36264,-270,22573,336,-58837,-877
5.65,-51628,-385,9073,135,-60701,-905
5.70,-76451,-570,-5193,-77,-71258,-1.062
5.75,-69885,-521,-4889,-73,-64996,-969
5.80,-80500,-600,-6862,-102,-73638,-1.097
5.85,-58867,-439,12278,183,-71145,-1.060
5.90,-22468,-167,33478,499,-55946,-834
5.95,-28819,-215,35824,534,-64643,-963
6.00,1271,9,46154,688,-44883,-669
06.05,15483,115,58490,872,-43007,-641
6.10,35818,267,80400,1.198,-44582,-664
6.15,42246,315,85608,1.276,-43362,-646
6.20,73504,548,111113,1.656,-37609,-560
6.25,101630,757,136101,2.028,-34471,-514
6.30,92148,687,119003,1.773,-26855,-400
6.35,96244,717,114778,1.710,-18534,-276
6.40,112684,840,124155,1.850,-11471,-171
6.45,106388,793,135355,2.017,-28967,-432
6.50,125950,938,149969,2.235,-24019,-358
6.55,118941,886,155255,2.314,-36314,-541
6.60,104785,781,158956,2.369,-54171,-807
6.65,94083,701,160357,2.390,-66274,-988
6.70,49945,372,129785,1.934,-79840,-1.190
6.75,-1122,-8,112158,1.671,-113280,-1.688
6.80,-46214,-344,93689,1.396,-139903,-2.085
6.85,-79627,-593,71696,1.068,-151323,-2.255
6.90,-117190,-873,53794,802,-170984,-2.548
6.95,-158138,-1.178,39056,582,-197194,-2.939
7.00,-200731,-1.496,11577,173,-212308,-3.164
07.05,-255477,-1.904,-29261,-436,-226216,-3.371
7.10,-285718,-2.129,-58284,-869,-227434,-3.389
7.15,-292107,-2.176,-65348,-974,-226759,-3.379
7.20,-296930,-2.212,-65836,-981,-231094,-3.444
7.25,-311006,-2.317,-72177,-1.076,-238829,-3.559
7.30,-297256,-2.215,-73073,-1.089,-224183,-3.341
7.35,-311296,-2.319,-88237,-1.315,-223059,-3.324
7.40,-319159,-2.378,-101928,-1.519,-217231,-3.237
7.45,-315071,-2.348,-111357,-1.659,-203714,-3.036
7.50,-296854,-2.212,-104779,-1.561,-192075,-2.862
7.55,-286504,-2.135,-91506,-1.364,-194998,-2.906
7.60,-287340,-2.141,-80817,-1.204,-206523,-3.078
7.65,-277672,-2.069,-74555,-1.111,-203117,-3.027
7.70,-283072,-2.109,-69017,-1.028,-214055,-3.190
7.75,-290093,-2.161,-73351,-1.093,-216742,-3.230
7.80,-295217,-2.200,-81162,-1.209,-214055,-3.190
7.85,-300932,-2.242,-90539,-1.349,-210393,-3.135
7.90,-299182,-2.229,-98310,-1.465,-200872,-2.993
7.95,-294142,-2.192,-99819,-1.487,-194323,-2.896
8.00,-271318,-2.022,-103433,-1.541,-167885,-2.502
08.05,-280736,-2.092,-118549,-1.767,-162187,-2.417
8.10,-294443,-2.194,-125822,-1.875,-168621,-2.513
8.15,-270225,-2.013,-119725,-1.784,-150500,-2.243
8.20,-286143,-2.132,-159278,-2.373,-126865,-1.890
8.25,-318713,-2.375,-175370,-2.613,-143343,-2.136
8.30,-324029,-2.414,-172404,-2.569,-151625,-2.259
8.35,-323764,-2.412,-183023,-2.727,-140741,-2.097
8.40,-322875,-2.406,-195818,-2.918,-127057,-1.893
8.45,-310830,-2.316,-191125,-2.848,-119705,-1.784
8.50,-328965,-2.451,-209059,-3.115,-119906,-1.787
8.55,-371312,-2.767,-238428,-3.553,-132884,-1.980
8.60,-411509,-3.066,-253078,-3.771,-158431,-2.361
8.65,-415616,-3.097,-262794,-3.916,-152822,-2.277
8.70,-410448,-3.058,-255757,-3.811,-154691,-2.305
8.75,-420021,-3.129,-258270,-3.849,-161751,-2.410
8.80,-444096,-3.309,-272586,-4.062,-171510,-2.556
8.85,-451566,-3.365,-281398,-4.193,-170168,-2.536
8.90,-459838,-3.426,-281683,-4.198,-178155,-2.655
8.95,-459194,-3.421,-291077,-4.338,-168117,-2.505
9.00,-451620,-3.365,-292156,-4.354,-159464,-2.376
09.05,-451019,-3.360,-282958,-4.217,-168061,-2.504
9.10,-457669,-3.410,-288381,-4.297,-169288,-2.523
9.15,-444761,-3.314,-276132,-4.115,-168629,-2.513
9.20,-445811,-3.322,-283490,-4.224,-162321,-2.419
9.25,-460656,-3.432,-297152,-4.428,-163504,-2.436
9.30,-446643,-3.328,-300402,-4.476,-146241,-2.179
9.35,-446819,-3.329,-320857,-4.781,-125962,-1.877
9.40,-460006,-3.427,-332106,-4.949,-127900,-1.906
9.45,-472732,-3.522,-343403,-5.117,-129329,-1.927
9.50,-476595,-3.551,-347670,-5.181,-128925,-1.921
9.55,-460149,-3.428,-338151,-5.039,-121998,-1.818
9.60,-465094,-3.465,-340867,-5.079,-124227,-1.851
9.65,-452778,-3.374,-337539,-5.030,-115239,-1.717
9.70,-429538,-3.200,-327912,-4.886,-101626,-1.514
9.75,-430091,-3.205,-314714,-4.690,-115377,-1.719
9.80,-452585,-3.372,-323353,-4.818,-129232,-1.926
9.85,-466437,-3.475,-322840,-4.811,-143597,-2.140
9.90,-452638,-3.373,-295691,-4.406,-156947,-2.339
9.95,-443148,-3.302,-288366,-4.297,-154782,-2.307
10.00,-443572,-3.305,-275549,-4.106,-168023,-2.504
10.05,-438844,-3.270,-273912,-4.082,-164932,-2.458
10.10,-422218,-3.146,-265975,-3.963,-156243,-2.328
10.15,-424063,-3.160,-264349,-3.939,-159714,-2.380
10.20,-432650,-3.224,-273615,-4.077,-159035,-2.370
10.25,-448368,-3.341,-284740,-4.243,-163628,-2.438
10.30,-454858,-3.389,-301891,-4.499,-152967,-2.279
10.35,-467906,-3.486,-318460,-4.746,-149446,-2.227
10.40,-465835,-3.471,-326739,-4.869,-139096,-2.073
10.45,-472533,-3.521,-311487,-4.642,-161046,-2.400
10.50,-464034,-3.457,-305524,-4.553,-158510,-2.362
10.55,-434924,-3.241,-288402,-4.298,-146522,-2.183
10.60,-433555,-3.230,-265804,-3.961,-167751,-2.500
10.65,-436090,-3.249,-274716,-4.094,-161374,-2.405
10.70,-442762,-3.299,-275857,-4.111,-166905,-2.487
10.75,-427700,-3.187,-255577,-3.809,-172123,-2.565
10.80,-411301,-3.065,-242821,-3.618,-168480,-2.511
10.85,-418339,-3.117,-231083,-3.444,-187256,-2.790
10.90,-424156,-3.160,-228664,-3.407,-195492,-2.913
10.95,-413322,-3.080,-221928,-3.307,-191394,-2.852
11.00,-402860,-3.002,-211579,-3.153,-191281,-2.850
11.05,-407171,-3.034,-211183,-3.147,-195988,-2.921
11.10,-425867,-3.173,-207589,-3.093,-218278,-3.253
11.15,-413798,-3.083,-191293,-2.851,-222505,-3.316
11.20,-391918,-2.920,-171726,-2.559,-220192,-3.281
11.25,-381712,-2.844,-153517,-2.288,-228195,-3.400
11.30,-397174,-2.959,-160150,-2.386,-237024,-3.532
11.35,-383687,-2.859,-151291,-2.254,-232396,-3.463
11.40,-374892,-2.793,-139892,-2.085,-235000,-3.502
11.45,-380434,-2.835,-138042,-2.057,-242392,-3.612
11.50,-356345,-2.655,-124651,-1.858,-231694,-3.453
11.55,-333232,-2.483,-112447,-1.676,-220785,-3.290
11.60,-327848,-2.443,-116073,-1.730,-211775,-3.156
11.65,-322111,-2.400,-111315,-1.659,-210796,-3.141
11.70,-315196,-2.348,-95892,-1.429,-219304,-3.268
11.75,-293391,-2.186,-82179,-1.225,-211212,-3.147
11.80,-296367,-2.208,-82311,-1.227,-214056,-3.190
11.85,-288057,-2.146,-75118,-1.119,-212939,-3.173
11.90,-271764,-2.025,-64924,-967,-206840,-3.082
11.95,-274942,-2.049,-61204,-912,-213738,-3.185
12.00,-296587,-2.210,-74775,-1.114,-221812,-3.305
12.05,-294852,-2.197,-72332,-1.078,-222520,-3.316
12.10,-285875,-2.130,-60429,-900,-225446,-3.360
12.15,-280026,-2.086,-63527,-947,-216499,-3.226
12.20,-286844,-2.137,-52724,-786,-234120,-3.489
12.25,-262267,-1.954,-23909,-356,-238358,-3.552
12.30,-234976,-1.751,1886,28,-236862,-3.530
12.35,-244803,-1.824,-1814,-27,-242989,-3.621
12.40,-249347,-1.858,-12112,-180,-237235,-3.535
12.45,-236516,-1.762,-13609,-203,-222907,-3.322
12.50,-233086,-1.737,-8545,-127,-224541,-3.346
12.55,-242744,-1.809,-20479,-305,-222265,-3.312
12.60,-232426,-1.732,-20878,-311,-211548,-3.152
12.65,-211695,-1.577,-21179,-316,-190516,-2.839
12.70,-206813,-1.541,-34119,-508,-172694,-2.573
12.75,-210429,-1.568,-45922,-684,-164507,-2.451
12.80,-201538,-1.502,-48294,-720,-153244,-2.284
12.85,-200296,-1.492,-55144,-822,-145152,-2.163
12.90,-193027,-1.438,-50680,-755,-142347,-2.121
12.95,-182669,-1.361,-36474,-544,-146195,-2.179
13.00,-153167,-1.141,-16094,-240,-137073,-2.043
13.05,-153769,-1.146,-14896,-222,-138873,-2.069
13.10,-148982,-1.110,-4462,-66,-144520,-2.154
13.15,-145627,-1.085,-6441,-96,-139186,-2.074
13.20,-132319,-986,770,11,-133089,-1.983
13.25,-124348,-926,16616,248,-140964,-2.101
13.30,-124057,-924,6202,92,-130259,-1.941
13.35,-118378,-882,-8301,-124,-110077,-1.640
13.40,-103629,-772,-7088,-106,-96541,-1.439
13.45,-105966,-790,-11254,-168,-94712,-1.411
13.50,-134996,-1.006,-34067,-508,-100929,-1.504
13.55,-150249,-1.119,-54247,-808,-96002,-1.431
13.60,-136335,-1.016,-53167,-792,-83168,-1.239
13.65,-120567,-898,-54596,-814,-65971,-983
13.70,-150376,-1.120,-85296,-1.271,-65080,-970
13.75,-140836,-1.049,-90076,-1.342,-50760,-756
13.80,-131427,-979,-90549,-1.349,-40878,-609
13.85,-146624,-1.092,-100624,-1.499,-46000,-685
13.90,-129150,-962,-99271,-1.479,-29879,-445
13.95,-127283,-948,-111125,-1.656,-16158,-241
14.00,-132386,-986,-114119,-1.701,-18267,-272
14.05,-120047,-894,-110953,-1.653,-9094,-136
14.10,-105002,-782,-116148,-1.731,11146,166
14.15,-103117,-768,-120844,-1.801,17727,264
14.20,-95074,-708,-112187,-1.672,17113,255
14.25,-74393,-554,-95914,-1.429,21521,321
14.30,-49465,-369,-80883,-1.205,31418,468
14.35,-50895,-379,-93178,-1.389,42283,630
14.40,-86454,-644,-124513,-1.855,38059,567
14.45,-91796,-684,-130057,-1.938,38261,570
14.50,-77421,-577,-114196,-1.702,36775,548
14.55,-79131,-590,-116575,-1.737,37444,558
14.60,-56036,-418,-124287,-1.852,68251,1.017
14.65,-30313,-226,-116904,-1.742,86591,1.290
14.70,-37896,-282,-118514,-1.766,80618,1.201
14.75,-45536,-339,-124152,-1.850,78616,1.172
14.80,-33414,-249,-120558,-1.797,87144,1.299
14.85,-24455,-182,-120312,-1.793,95857,1.428
14.90,-48789,-364,-144588,-2.155,95799,1.428
14.95,-53965,-402,-166523,-2.481,112558,1.677
15.00,-28318,-211,-167847,-2.501,139529,2.079
15.05,-19829,-148,-167615,-2.498,147786,2.202
15.10,-15272,-114,-169934,-2.532,154662,2.305
15.15,-24794,-185,-160688,-2.395,135894,2.025
15.20,-33688,-251,-154098,-2.296,120410,1.794
15.25,-23316,-174,-151968,-2.265,128652,1.917
15.30,-18845,-140,-135906,-2.025,117061,1.744
15.35,-30775,-229,-148934,-2.219,118159,1.761
15.40,-24947,-186,-141065,-2.102,116118,1.730
15.45,2618,20,-101736,-1.516,104354,1.555
15.50,5694,42,-101709,-1.516,107403,1.600
15.55,-630,-5,-100694,-1.501,100064,1.491
15.60,6636,49,-89020,-1.327,95656,1.425
15.65,-15157,-113,-96464,-1.437,81307,1.212
15.70,-33706,-251,-111285,-1.658,77579,1.156
15.75,-22597,-168,-107813,-1.607,85216,1.270
15.80,-40656,-303,-109590,-1.633,68934,1.027
15.85,-24691,-184,-99003,-1.475,74312,1.107
15.90,-18396,-137,-97385,-1.451,78989,1.177
15.95,-20351,-152,-111635,-1.664,91284,1.360
16.00,-5270,-39,-107619,-1.604,102349,1.525
16.05,-6619,-49,-114885,-1.712,108266,1.613
16.10,14174,106,-88534,-1.319,102708,1.531
16.15,-8247,-61,-89477,-1.333,81230,1.210
16.20,-37652,-281,-97949,-1.460,60297,899
16.25,-37124,-277,-85844,-1.279,48720,726
16.30,-45008,-335,-90755,-1.352,45747,682
16.35,-52018,-388,-89526,-1.334,37508,559
16.40,-45398,-338,-76761,-1.144,31363,467
16.45,-33513,-250,-62953,-938,29440,439
16.50,-12929,-96,-42840,-638,29911,446
16.55,12056,90,-23798,-355,35854,534
16.60,-133,-1,-20847,-311,20714,309
16.65,-15729,-117,-22792,-340,7063,105
16.70,-17631,-131,-9803,-146,-7828,-117
16.75,-31479,-235,-4158,-62,-27321,-407
16.80,-51086,-381,-19343,-288,-31743,-473
16.85,-54620,-407,-11991,-179,-42629,-635
16.90,-57685,-430,-2018,-30,-55667,-830
16.95,-55473,-413,-5899,-88,-49574,-739
17.00,-68662,-512,-17703,-264,-50959,-759
17.05,-74538,-555,-22364,-333,-52174,-777
17.10,-57596,-429,2125,32,-59721,-890
17.15,-63438,-473,-5025,-75,-58413,-870
17.20,-75065,-559,-11244,-168,-63821,-951
17.25,-81851,-610,2789,42,-84640,-1.261
17.30,-71565,-533,13642,203,-85207,-1.270
17.35,-79756,-594,17305,258,-97061,-1.446
17.40,-94630,-705,13122,196,-107752,-1.606
17.45,-96230,-717,12025,179,-108255,-1.613
17.50,-78485,-585,19031,284,-97516,-1.453
17.55,-74635,-556,23600,352,-98235,-1.464
17.60,-96077,-716,30298,451,-126375,-1.883
17.65,-84864,-632,52592,784,-137456,-2.048
17.70,-73716,-549,62150,926,-135866,-2.025
17.75,-79640,-593,63983,953,-143623,-2.140
17.80,-59412,-443,85847,1.279,-145259,-2.165
17.85,-65195,-486,85832,1.279,-151027,-2.251
17.90,-103827,-774,69727,1.039,-173554,-2.586
17.95,-108633,-809,75063,1.119,-183696,-2.737
18.00,-99939,-745,89785,1.338,-189724,-2.827
18.05,-96210,-717,82541,1.230,-178751,-2.664
18.10,-91674,-683,71605,1.067,-163279,-2.433
18.15,-88548,-660,64326,959,-152874,-2.278
18.20,-94612,-705,61175,912,-155787,-2.321
18.25,-93977,-700,46374,691,-140351,-2.091
18.30,-105574,-787,29162,435,-134736,-2.008
18.35,-101927,-759,31236,465,-133163,-1.984
18.40,-96646,-720,34384,512,-131030,-1.953
18.45,-111980,-834,28704,428,-140684,-2.096
18.50,-110764,-825,21864,326,-132628,-1.976
18.55,-117443,-875,16651,248,-134094,-1.998
18.60,-106329,-792,16304,243,-122633,-1.827
18.65,-75924,-566,31059,463,-106983,-1.594
18.70,-83003,-618,40173,599,-123176,-1.836
18.75,-97621,-727,32299,481,-129920,-1.936
18.80,-97153,-724,40466,603,-137619,-2.051
18.85,-85187,-635,49786,742,-134973,-2.011
18.90,-61952,-462,69112,1.030,-131064,-1.953
18.95,-43425,-324,70977,1.058,-114402,-1.705
19.00,-39724,-296,55502,827,-95226,-1.419
19.05,-29177,-217,52241,778,-81418,-1.213
19.10,-42382,-316,36661,546,-79043,-1.178
19.15,-52661,-392,26637,397,-79298,-1.182
19.20,-40877,-305,17663,263,-58540,-872
19.25,-12307,-92,18985,283,-31292,-466
19.30,1590,12,26125,389,-24535,-366
19.35,-6218,-46,17869,266,-24087,-359
19.40,-22260,-166,3382,50,-25642,-382
19.45,-31363,-234,-210,-3,-31153,-464
19.50,-31594,-235,-1720,-26,-29874,-445
19.55,-29278,-218,-1564,-23,-27714,-413
19.60,-11070,-82,-9824,-146,-1246,-19
19.65,33873,252,-4004,-60,37877,564
19.70,29204,218,-3760,-56,32964,491
19.75,43919,327,12107,180,31812,474
19.80,43483,324,5846,87,37637,561
19.85,36596,273,49,1,36547,545
19.90,45602,340,-1745,-26,47347,706
19.95,47673,355,-2385,-36,50058,746
20.00,48130,359,-4759,-71,52889,788
20.05,43107,321,-25333,-378,68440,1.020
20.10,52008,388,-29853,-445,81861,1.220
20.15,52018,388,-43567,-649,95585,1.424
20.20,39388,293,-59267,-883,98655,1.470
20.25,50892,379,-52720,-786,103612,1.544
20.30,59911,446,-54361,-810,114272,1.703
20.35,72217,538,-47001,-700,119218,1.777
20.40,87591,653,-43923,-655,131514,1.960
20.45,85416,636,-57868,-862,143284,2.135
20.50,79274,591,-76146,-1.135,155420,2.316
20.55,77313,576,-82994,-1.237,160307,2.389
20.60,80376,599,-85610,-1.276,165986,2.473
20.65,77974,581,-93101,-1.387,171075,2.549
20.70,73539,548,-89355,-1.332,162894,2.427
20.75,67833,505,-91516,-1.364,159349,2.375
20.80,35410,264,-111134,-1.656,146544,2.184
20.85,44318,330,-109029,-1.625,153347,2.285
20.90,52783,393,-110334,-1.644,163117,2.431
20.95,52744,393,-86048,-1.282,138792,2.068
21.00,57823,431,-66781,-995,124604,1.857
21.05,78195,583,-47609,-709,125804,1.875
21.10,94051,701,-24206,-361,118257,1.762
21.15,91668,683,-24664,-368,116332,1.734
21.20,95217,709,-22651,-338,117868,1.756
21.25,133353,994,3012,45,130341,1.942
21.30,128353,956,451,7,127902,1.906
21.35,105174,784,-15244,-227,120418,1.794
21.40,106766,795,-8905,-133,115671,1.724
21.45,109578,816,-9543,-142,119121,1.775
21.50,111269,829,-9979,-149,121248,1.807
21.55,134477,1.002,5580,83,128897,1.921
21.60,126532,943,5345,80,121187,1.806
21.65,134125,999,5157,77,128968,1.922
21.70,128390,957,8231,123,120159,1.791
21.75,111486,831,12291,183,99195,1.478
21.80,140460,1.047,35191,524,105269,1.569
21.85,127174,948,40143,598,87031,1.297
21.90,133318,993,51257,764,82061,1.223
21.95,158645,1.182,74830,1.115,83815,1.249
22.00,154356,1.150,82032,1.222,72324,1.078
22.05,156900,1.169,81517,1.215,75383,1.123
22.10,166395,1.240,84813,1.264,81582,1.216
22.15,183568,1.368,115004,1.714,68564,1.022
22.20,188493,1.404,136141,2.029,52352,780
22.25,183874,1.370,145736,2.172,38138,568
22.30,198444,1.479,156678,2.335,41766,622
22.35,237038,1.766,175969,2.622,61069,910
22.40,229254,1.708,169767,2.530,59487,886
22.45,207527,1.546,156420,2.331,51107,762
22.50,203855,1.519,145702,2.171,58153,867
22.55,215985,1.609,142775,2.128,73210,1.091
22.60,224777,1.675,142998,2.131,81779,1.219
22.65,244139,1.819,163964,2.443,80175,1.195
22.70,231803,1.727,164597,2.453,67206,1.001
22.75,215046,1.602,156782,2.336,58264,868
22.80,199903,1.489,146090,2.177,53813,802
22.85,194013,1.446,150814,2.247,43199,644
22.90,219804,1.638,162868,2.427,56936,848
22.95,235064,1.751,176946,2.637,58118,866
23.00,238276,1.775,186722,2.782,51554,768
23.05,248774,1.854,191411,2.852,57363,855
23.10,228168,1.700,190882,2.844,37286,556
23.15,225072,1.677,198214,2.954,26858,400
23.20,229757,1.712,197347,2.941,32410,483
23.25,218029,1.624,193856,2.889,24173,360
23.30,220617,1.644,197234,2.939,23383,348
23.35,226042,1.684,207363,3.090,18679,278
23.40,212242,1.581,206017,3.070,6225,93
23.45,212950,1.587,218090,3.250,-5140,-77
23.50,205451,1.531,215988,3.219,-10537,-157
23.55,215072,1.602,229825,3.425,-14753,-220
23.60,230439,1.717,242438,3.613,-11999,-179
23.65,235129,1.752,240060,3.577,-4931,-73
23.70,226788,1.690,229901,3.426,-3113,-46
23.75,253854,1.891,241306,3.596,12548,187
23.80,255700,1.905,241195,3.594,14505,216
23.85,251886,1.877,223766,3.334,28120,419
23.90,258419,1.925,210320,3.134,48099,717
23.95,255134,1.901,198919,2.964,56215,838
24.00,288631,2.151,200474,2.987,88157,1.314
24.05,278568,2.076,194755,2.902,83813,1.249
24.10,266765,1.988,199202,2.968,67563,1.007
24.15,260724,1.943,195215,2.909,65509,976
24.20,257851,1.921,204867,3.053,52984,790
24.25,271102,2.020,220736,3.289,50366,751
24.30,277159,2.065,226669,3.378,50490,752
24.35,306208,2.281,253560,3.778,52648,785
24.40,298746,2.226,247687,3.691,51059,761
24.45,303257,2.260,241053,3.592,62204,927
24.50,329009,2.451,240400,3.582,88609,1.320
24.55,307585,2.292,218307,3.253,89278,1.330
24.60,291453,2.172,200506,2.988,90947,1.355
24.65,291888,2.175,180740,2.693,111148,1.656
24.70,309174,2.304,183398,2.733,125776,1.874